<?xml version="1.0" encoding="UTF-8"?>
<root>
  <item name="com.google.android.material.datepicker.Month com.google.android.material.datepicker.Month create(int, int) 1">
    <annotation name="androidx.annotation.IntDef">
      <val name="value" val="{java.util.Calendar.JANUARY, java.util.Calendar.FEBRUARY, java.util.Calendar.MARCH, java.util.Calendar.APRIL, java.util.Calendar.MAY, java.util.Calendar.JUNE, java.util.Calendar.JULY, java.util.Calendar.AUGUST, java.util.Calendar.SEPTEMBER, java.util.Calendar.OCTOBER, java.util.Calendar.NOVEMBER, java.util.Calendar.DECEMBER}" />
    </annotation>
  </item>
  <item name="com.google.android.material.datepicker.Month month">
    <annotation name="androidx.annotation.IntDef">
      <val name="value" val="{java.util.Calendar.JANUARY, java.util.Calendar.FEBRUARY, java.util.Calendar.MARCH, java.util.Calendar.APRIL, java.util.Calendar.MAY, java.util.Calendar.JUNE, java.util.Calendar.JULY, java.util.Calendar.AUGUST, java.util.Calendar.SEPTEMBER, java.util.Calendar.OCTOBER, java.util.Calendar.NOVEMBER, java.util.Calendar.DECEMBER}" />
    </annotation>
  </item>
</root>

